casilla_id,distrito_fed_17,distrito_fed_12,distrito_loc_17,distrito_loc_12,are,seccion,casilla,tipo_seccion,pri_pvem,pan_na,prd,pt,mc,otros,total,ln,tamano_md,tamano_gd,region,casilla_ex,rural,ln_total
419,1,1,2,2,1-43,2546,B-C,U,182,131,16,4,9,12,354,546,1,0,2,0,0,546
424,1,1,2,2,1-48,2548,B-C,U,175,141,17,8,10,22,373,608,1,0,2,0,0,608
124,4,1,1,1,1-64,2356,B-C,M,144,181,10,27,2,14,378,610,1,0,1,0,0,610
507,1,1,2,2,1-52,2588,B-C,M,150,106,24,9,6,20,315,543,1,0,2,0,0,543
444,1,1,2,2,1-46,2555,B-C,U,227,203,21,3,2,16,472,746,0,0,2,0,0,746
192,4,1,1,1,1-96,2390,B-C,U,219,131,9,2,0,26,387,717,1,0,1,0,0,717
442,1,1,2,2,1-51,2554,B-C,U,189,213,17,6,4,15,444,677,1,0,2,0,0,677
441,1,1,2,2,1-50,2553,B-C,U,216,183,14,4,3,16,436,705,1,0,2,0,0,705
509,1,1,2,2,1-53,2589,B-C,R,158,153,16,9,3,0,339,592,1,0,2,0,1,592
251,4,1,1,1,1-83,2422,B-C,R,130,112,10,4,2,15,273,506,1,0,1,0,1,506
152,4,1,1,1,1-66,2373,B-C,R,102,135,6,3,0,11,257,522,1,0,1,0,1,522
206,4,1,1,1,1-95,2398,B-C,R,116,126,13,0,0,7,262,519,1,0,1,0,1,519
88,4,1,1,1,1-97,1900,B-C,R,122,86,22,1,0,8,239,368,0,0,1,0,1,368
533,1,1,2,2,1-54,2600,B-C,R,79,194,23,11,3,23,333,570,1,0,2,0,1,570
242,4,1,1,1,1-80,2417,B-C,R,142,98,4,0,0,17,261,513,1,0,1,0,1,513
612,1,1,2,2,1-13,2943,E,R,136,104,3,3,1,9,256,368,0,0,2,1,1,368
6402,10,10,20,21,10-35,2319,B-C,U,128,149,25,4,1,12,319,617,1,0,2,0,0,617
6415,10,10,20,21,10-39,2327,B-C,U,73,170,12,1,1,6,263,514,1,0,2,0,0,514
5273,14,10,15,17,10-50,2750,B-C,U,109,201,34,1,2,10,357,520,1,0,2,0,0,520
6419,10,10,20,21,10-39,2328,B-C,U,71,191,9,3,0,11,285,655,1,0,2,0,0,655
6166,10,10,20,20,10-98,2999,B-C,U,89,199,12,3,0,17,320,612,1,0,2,0,0,612
6329,10,10,20,21,10-20,2277,B-C,U,83,116,23,5,1,10,238,377,0,0,2,0,0,377
6439,10,10,20,21,10-42,2338,B-C,R,74,237,9,9,2,18,349,695,1,0,2,0,1,695
6437,10,10,20,21,10-41,2337,B-C,R,50,156,20,9,2,0,237,486,0,0,2,0,1,486
5291,14,10,15,17,10-55,2761,B-C,R,138,186,14,6,1,14,359,643,1,0,2,0,1,643
5299,14,10,15,17,10-57,2767,B-C,R,201,122,8,2,1,9,343,530,1,0,2,0,1,530
6067,10,10,20,20,10-75,2813,B-C,R,154,132,27,5,1,12,331,691,1,0,2,0,1,691
3823,13,11,18,13,11-65,9,B-C,U,144,304,5,1,1,11,466,686,1,0,1,0,0,686
5423,7,11,18,18,11-43,1913,B-C,U,181,183,9,2,0,8,383,644,1,0,1,0,0,644
5386,13,11,10,18,11-88,721,B-C,U,172,144,66,3,0,8,393,630,0,0,1,0,0,630
3858,13,11,18,13,11-74,24,B-C,U,145,211,14,7,3,27,407,557,1,0,1,0,0,557
5329,7,11,10,18,11-98,573,B-C,U,221,195,8,6,0,15,445,664,0,0,1,0,0,664
5501,7,11,18,18,11-47,1957,B-C,R,79,174,12,1,1,14,281,483,0,0,1,0,1,483
5377,7,11,10,18,11-93,607,B-C,R,124,36,6,3,1,6,176,367,0,0,1,0,1,367
3837,13,11,18,13,11-81,15,B-C,R,47,114,4,2,2,8,177,405,0,0,1,0,1,405
5644,13,11,18,19,11-55,919,B-C,R,130,260,18,4,0,6,418,731,1,0,1,0,1,731
3869,13,11,18,13,11-71,29,B-C,R,68,195,2,3,0,0,268,472,0,0,1,0,1,472
5349,7,11,10,18,11-102,587,B-C,R,137,58,4,2,0,11,212,391,0,0,1,0,1,391
5401,13,11,10,18,11-90,729,B-C,R,109,171,63,0,2,19,364,602,0,0,1,0,1,602
3854,13,11,18,13,11-76,22,B-C,R,225,164,14,5,1,11,420,677,1,0,1,0,1,677
5506,7,11,18,18,11-37,1960,B-C,R,166,122,13,1,1,13,316,577,1,0,1,0,1,577
5621,7,11,18,18,11-25,2018,B-C,R,61,113,51,10,0,49,284,587,1,0,1,0,1,587
5652,13,11,18,19,11-52,923,B-C,R,112,176,94,16,7,14,419,656,1,0,1,0,1,656
5378,7,11,10,18,11-93,608,B-C,R,53,22,3,2,0,8,88,190,0,0,1,0,1,190
3852,13,11,18,13,11-75,21,B-C,R,110,178,22,1,3,18,332,544,1,0,1,0,1,544
4839,12,12,15,16,12-16,459,B-C,U,168,187,25,3,4,15,402,641,1,0,2,0,0,641
4734,12,12,16,16,12-28,352,B-C,U,139,167,20,2,4,15,347,633,1,0,2,0,0,633
4795,12,12,16,16,12-5,421,B-C,U,108,119,16,4,3,6,256,380,0,0,2,0,0,380
4699,12,12,16,16,12-26,340,B-C,U,149,143,33,8,2,19,354,612,1,0,2,0,0,612
4866,12,12,15,16,12-16,473,B-C,U,183,164,17,7,8,18,397,732,1,0,2,0,0,732
4846,12,12,15,16,12-11,461,B-C,U,173,143,121,2,5,13,457,612,0,0,2,0,0,612
4397,12,12,16,15,12-45,366,B-C,U,196,204,31,9,1,17,458,742,1,0,2,0,0,742
4791,12,12,15,16,12-1,405,B-C,U,151,247,22,4,0,14,438,639,0,0,2,0,0,639
4701,12,12,16,16,12-25,341,B-C,U,186,144,18,3,5,16,372,662,1,0,2,0,0,662
4444,12,12,15,15,12-53,409,B-C,U,116,163,21,3,4,10,317,433,0,0,2,0,0,433
4733,12,12,16,16,12-28,352,B-C,U,165,133,18,3,4,0,323,633,1,0,2,0,0,633
4772,12,12,15,16,12-1,395,B-C,U,132,166,17,5,5,5,330,437,0,0,2,0,0,437
4553,2,12,16,15,12-58,509,B-C,R,255,113,13,9,2,20,412,744,1,0,2,0,1,744
4882,2,12,16,16,12-65,499,B-C,R,116,169,5,1,2,11,304,546,1,0,2,0,1,546
4954,12,12,15,16,12-79,548,B-C,R,45,45,1,1,1,3,96,167,0,0,2,0,1,167
4551,2,12,16,15,12-62,508,B-C,R,102,143,6,1,0,8,260,403,0,0,2,0,1,403
4550,2,12,16,15,12-58,498,B-C,R,153,219,13,10,1,14,410,614,1,0,2,0,1,614
6189,10,13,19,21,13-21,666,B-C,U,110,172,20,7,2,8,319,525,1,0,2,0,0,525
6207,10,13,19,21,13-25,675,B-C,U,105,144,18,4,2,18,291,388,0,0,2,0,0,388
5685,13,13,19,19,13-48,1188,B-C,U,150,171,16,4,5,3,349,570,1,0,2,0,0,570
5666,13,13,19,19,13-44,1178,B-C,M,167,213,14,2,4,14,414,554,1,0,2,0,0,554
4522,12,13,15,15,13-7,481,B-C,U,202,150,14,2,3,23,394,721,1,0,2,0,0,721
5871,13,13,19,19,13-83,2876,B-C,M,31,63,80,7,0,11,192,388,1,0,2,0,0,388
5755,13,13,19,19,13-63,2833,B-C,U,116,182,38,8,3,12,359,523,1,0,2,0,0,523
5764,13,13,19,19,13-62,2837,B-C,U,70,183,56,8,5,24,346,600,1,0,2,0,0,600
6243,10,13,19,21,13-32,689,B-C,U,133,174,24,3,0,18,352,579,1,0,2,0,0,579
4508,12,13,15,15,13-6,477,B-C,U,139,162,26,4,3,14,348,597,1,0,2,0,0,597
5730,13,13,19,19,13-58,2822,B-C,U,65,158,45,4,2,10,284,435,0,0,2,0,0,435
5793,13,13,19,19,13-70,2847,B-C,U,42,158,73,2,3,16,294,591,1,0,2,0,0,591
5741,13,13,19,19,13-60,2827,B-C,U,60,235,80,1,4,23,403,726,1,0,2,0,0,726
5776,13,13,19,19,13-67,2841,B-C,U,40,145,94,4,6,25,314,592,1,0,2,0,0,592
5787,13,13,19,19,13-64,2845,B-C,U,46,159,81,8,2,16,312,652,1,0,2,0,0,652
4513,12,13,15,15,13-3,478,B-C,U,143,139,23,8,3,19,335,614,1,0,2,0,0,614
5725,13,13,19,19,13-57,2820,B-C,U,83,174,15,5,2,10,289,411,0,0,2,0,0,411
5728,13,13,19,19,13-58,2821,B-C,U,89,199,24,4,4,5,325,486,0,0,2,0,0,486
6251,10,13,19,21,13-33,691,B-C,U,110,183,18,2,2,14,329,573,1,0,2,0,0,573
5669,13,13,19,19,13-46,1180,B-C,U,215,173,14,3,3,12,420,569,0,0,2,0,0,569
6191,10,13,19,21,13-22,667,B-C,U,197,189,20,7,1,13,427,699,1,0,2,0,0,699
4479,12,13,15,15,13-1,436,B-C,U,128,247,35,2,3,14,429,584,1,0,2,0,0,584
6265,10,13,19,21,13-36,697,B-C,U,84,187,7,3,3,6,290,607,1,0,2,0,0,607
5757,13,13,19,19,13-58,2834,B-C,U,79,198,31,3,7,15,333,513,1,0,2,0,0,513
5801,13,13,19,19,13-73,2850,B-C,R,36,90,64,9,1,9,209,440,1,0,2,0,1,440
5851,13,13,19,19,13-85,2870,B-C,R,40,134,32,7,1,11,225,464,1,0,2,0,1,464
5816,13,13,19,19,13-77,2856,B-C,R,42,174,129,1,1,27,374,638,1,0,2,0,1,638
4587,12,13,15,15,13-15,534,B-C,R,55,180,3,1,0,4,243,380,0,0,2,0,1,380
5902,13,13,19,19,13-95,2887,B-C,R,19,87,55,0,0,9,170,431,1,0,2,0,1,431
5081,14,14,9,17,14-55,292,B-C,U,150,208,30,13,6,16,423,675,1,0,2,0,0,675
6585,14,14,22,22,14-28,117,B-C,U,46,52,63,3,4,0,168,389,0,0,2,0,0,389
4997,14,14,22,17,14-39,249,B-C,U,87,174,10,1,53,13,338,503,1,0,2,0,0,503
4990,14,14,22,17,14-38,247,B-C,U,74,134,17,6,67,14,312,530,1,0,2,0,0,530
6737,14,14,22,22,14-102,2738,B-C,U,139,175,33,2,1,0,350,612,1,0,2,0,0,612
6547,14,14,22,22,14-20,97,B-C,U,62,75,46,3,0,16,202,487,0,0,2,0,0,487
6569,14,14,22,22,14-24,109,B-C,U,59,146,29,3,0,19,256,664,1,0,2,0,0,664
6461,14,14,22,22,14-3,55,B-C,U,145,183,60,4,2,18,412,635,0,0,2,0,0,635
6649,14,14,22,22,14-79,1206,B-C,U,100,134,70,0,4,14,322,526,1,0,2,0,0,526
5042,14,14,22,17,14-48,272,B-C,R,85,90,5,2,68,13,263,403,0,0,2,0,1,403
5142,14,14,9,17,14-69,320,B-C,R,316,339,23,4,0,20,702,619,1,0,2,0,1,619
5141,14,14,9,17,14-69,320,B-C,R,158,202,18,3,5,16,402,620,1,0,2,0,1,620
6573,14,14,22,22,14-24,111,B-C,R,51,115,42,3,0,0,211,401,0,0,2,0,1,401
6701,14,14,22,22,14-93,1242,B-C,R,95,67,54,3,2,16,237,585,0,0,2,0,1,585
6612,14,14,22,22,14-33,135,B-C,R,41,58,47,3,0,0,149,376,0,0,2,0,1,376
5052,14,14,22,17,14-50,279,B-C,R,94,67,3,2,52,12,230,383,0,0,2,0,1,383
5102,14,14,9,17,14-61,301,E,R,174,18,47,3,3,11,256,252,1,0,2,1,1,252
2534,2,2,9,9,2-4,145,B-C,M,142,142,15,1,7,19,326,683,1,0,2,0,0,683
2538,2,2,9,9,2-4,145,B-C,M,180,138,10,6,7,16,357,682,1,0,2,0,0,682
2569,2,2,9,9,2-13,157,E,U,128,164,10,5,4,15,326,551,1,0,2,1,0,551
303,1,2,2,2,2-93,741,B-C,M,156,272,17,2,17,21,485,669,1,0,2,0,0,669
5249,2,2,17,17,2-65,646,B-C,U,106,221,51,1,2,18,399,665,1,0,2,0,0,665
2547,2,2,9,9,2-9,149,B-C,U,145,170,15,8,9,19,366,611,1,0,2,0,0,611
5190,2,2,17,17,2-49,618,B-C,U,112,225,19,3,4,5,368,574,1,0,2,0,0,574
5192,2,2,17,17,2-50,619,B-C,U,104,234,11,1,6,6,362,685,1,0,2,0,0,685
326,2,2,2,2,2-69,2505,B-C,U,179,165,52,10,4,14,424,689,1,0,2,0,0,689
362,2,2,2,2,2-71,2520,B-C,R,132,130,19,4,0,9,294,510,1,0,2,0,1,510
5241,2,2,17,17,2-67,642,B-C,R,99,155,10,4,3,10,281,454,0,0,2,0,1,454
408,2,2,2,2,2-85,2542,B-C,R,342,306,18,13,7,19,705,704,1,0,2,0,1,704
310,1,2,2,2,2-95,746,B-C,R,104,232,19,1,13,8,377,477,0,0,2,0,1,477
2619,2,2,9,9,2-33,177,B-C,R,143,282,5,2,3,14,449,704,1,0,2,0,1,704
5236,2,2,17,17,2-66,639,B-C,R,155,156,8,4,3,12,338,699,1,0,2,0,1,699
320,1,2,2,2,2-96,750,B-C,R,97,188,9,2,15,19,330,480,0,0,2,0,1,480
1936,6,3,7,7,3-58,1410,B-C,U,143,125,4,3,2,7,284,480,0,0,1,0,0,480
1261,3,3,4,4,3-85,1500,B-C,NA,154,148,6,2,2,11,323,721,0,1,1,0,0,721
1952,6,3,7,7,3-58,1416,S,U,55,63,6,2,1,3,130,0,1,0,1,0,0,130
952,3,3,3,4,3-8,1283,B-C,U,170,293,13,5,4,15,500,736,1,0,1,0,0,736
1129,6,3,7,4,3-38,1349,B-C,U,189,202,22,3,1,15,432,676,1,0,1,0,0,676
1938,6,3,7,7,3-53,1411,B-C,U,178,157,6,4,1,8,354,589,1,0,1,0,0,589
1013,3,3,3,4,3-10,1303,B-C,U,193,164,11,1,3,0,372,556,1,0,1,0,0,556
1118,6,3,4,4,3-29,1343,B-C,U,173,164,10,3,1,7,358,539,1,0,1,0,0,539
982,3,3,3,4,3-8,1289,B-C,U,172,117,2,7,1,16,315,562,1,0,1,0,0,562
1923,6,3,7,7,3-49,1398,B-C,U,107,203,4,5,1,15,335,529,1,0,1,0,0,529
1011,3,3,3,4,3-16,1302,B-C,U,143,127,4,4,2,8,288,529,1,0,1,0,0,529
1985,6,3,21,7,3-65,1451,B-C,U,232,220,9,7,2,7,477,705,1,0,1,0,0,705
1088,3,3,7,4,3-32,1331,B-C,U,183,190,8,2,5,11,399,629,1,0,1,0,0,629
1978,6,3,7,7,3-61,1442,B-C,U,164,127,8,1,1,5,306,468,0,0,1,0,0,468
1279,6,3,4,4,3-86,1504,B-C,M,203,146,4,1,0,12,366,633,1,0,1,0,0,633
1012,3,3,3,4,3-10,1303,B-C,U,200,180,8,3,2,11,404,557,1,0,1,0,0,557
1264,3,3,4,4,3-85,1500,B-C,NA,163,165,7,13,0,15,363,721,0,1,1,0,0,721
987,3,3,3,4,3-10,1293,B-C,U,176,170,6,2,2,8,364,650,1,0,1,0,0,650
1171,20,3,21,4,3-69,1392,B-C,NA,165,258,12,1,3,13,452,733,0,1,1,0,0,733
2292,4,4,8,8,4-61,873,B-C,U,239,166,29,8,5,10,457,723,1,0,1,0,0,723
2297,4,4,8,8,4-62,875,B-C,U,184,191,32,2,3,14,426,712,1,0,1,0,0,712
52,1,4,1,1,4-21,793,B-C,M,102,194,8,2,4,19,329,606,1,0,1,0,0,606
2216,4,4,8,8,4-45,835,B-C,U,188,143,27,4,3,16,381,647,1,0,1,0,0,647
3537,9,4,11,12,4-89,951,B-C,U,159,239,20,10,5,15,448,628,1,0,1,0,0,628
2785,1,4,8,9,4-30,802,B-C,M,141,153,8,5,2,13,322,531,1,0,1,0,0,531
3559,9,4,12,12,4-91,966,B-C,U,172,112,8,3,0,7,302,663,0,1,1,0,0,663
2306,4,4,8,8,4-67,878,B-C,M,231,186,29,6,3,5,460,747,0,1,1,0,0,747
67,1,4,8,1,4-31,801,B-C,R,123,137,7,11,11,13,302,554,1,0,1,0,1,554
3775,9,4,11,12,4-107,1148,B-C,R,141,191,21,6,1,22,382,704,1,0,1,0,1,704
73,1,4,8,1,4-32,806,B-C,R,97,96,8,5,9,0,215,470,0,0,1,0,1,470
44,1,4,1,1,4-20,787,B-C,R,93,143,4,4,1,12,257,467,0,0,1,0,1,467
1401,5,5,7,5,5-45,1781,B-C,U,169,152,8,2,0,8,339,543,1,0,1,0,0,543
1515,5,5,5,5,5-71,1836,B-C,U,144,114,10,0,0,14,282,493,0,0,1,0,0,493
880,5,5,5,3,5-62,1771,B-C,U,146,168,14,1,2,11,342,533,1,0,1,0,0,533
1475,5,5,5,5,5-60,1813,B-C,U,231,220,9,3,1,15,479,634,1,0,1,0,0,634
703,3,5,3,3,5-9,1689,B-C,U,167,230,10,3,1,13,424,613,1,0,1,0,0,613
758,3,5,3,3,5-22,1714,B-C,U,165,171,9,3,1,15,364,502,1,0,1,0,0,502
774,5,5,5,3,5-47,1722,B-C,U,241,193,7,1,5,14,461,688,1,0,1,0,0,688
760,3,5,7,3,5-20,1715,B-C,U,156,166,10,1,0,8,341,445,0,0,1,0,0,445
1361,5,5,5,5,5-52,1491,B-C,U,184,145,7,2,2,17,357,632,1,0,1,0,0,632
1363,5,5,5,5,5-51,1492,B-C,U,200,175,6,1,3,9,394,718,1,0,1,0,0,718
1610,5,5,5,5,5-83,3027,B-C,U,104,142,9,1,0,9,265,500,0,0,1,0,0,500
889,5,5,5,3,5-61,1775,B-C,U,142,185,7,5,1,16,356,600,1,0,1,0,0,600
834,5,5,7,3,5-38,1749,B-C,U,184,146,4,3,1,7,345,533,1,0,1,0,0,533
895,3,5,3,4,5-3,1261,B-C,M,200,132,5,1,4,10,352,611,1,0,1,0,0,611
1567,5,5,5,5,5-79,3006,B-C,U,186,129,9,2,3,8,337,590,1,0,1,0,0,590
1382,5,6,6,5,6-86,1501,B-C,U,260,122,10,3,3,12,410,723,1,0,1,0,0,723
2037,11,6,21,7,6-31,1620,B-C,U,155,174,11,3,2,25,370,684,0,1,1,0,0,684
1623,5,6,6,6,6-64,1522,B-C,U,145,113,9,3,1,13,284,388,0,0,1,0,0,388
2161,6,6,4,7,6-5,1654,B-C,U,149,195,8,1,2,8,363,539,1,0,1,0,0,539
2006,11,6,21,7,6-40,1561,B-C,U,202,265,26,7,6,14,520,712,1,0,1,0,0,712
1640,11,6,6,6,6-60,1536,B-C,U,216,237,17,5,6,13,494,725,0,0,1,0,0,725
1719,11,6,6,6,6-50,1591,B-C,U,174,149,10,2,2,9,346,578,1,0,1,0,0,578
1695,11,6,6,6,6-65,1572,B-C,U,209,221,7,5,0,7,449,642,0,0,1,0,0,642
1716,11,6,21,6,6-54,1590,B-C,U,146,189,3,0,1,7,346,555,1,0,1,0,0,555
1678,11,6,21,6,6-44,1558,B-C,U,142,138,8,3,4,10,305,533,1,0,1,0,0,533
1533,5,6,6,5,6-79,1845,B-C,U,197,149,6,3,3,5,363,553,1,0,1,0,0,553
2085,11,6,21,7,6-34,1634,B-C,U,215,225,16,3,3,13,475,749,0,1,1,0,0,749
1736,11,6,6,6,6-68,1598,B-C,U,159,149,7,1,0,0,316,491,0,0,1,0,0,491
1850,11,6,6,6,6-50,1672,B-C,U,199,166,4,2,3,13,387,684,1,0,1,0,0,684
1383,5,6,6,5,6-86,1501,B-C,U,194,142,6,3,1,13,359,722,1,0,1,0,0,722
2017,11,6,21,7,6-41,1583,B-C,U,135,180,11,6,2,11,345,504,1,0,1,0,0,504
2050,11,6,21,7,6-33,1631,B-C,U,156,158,7,8,3,11,343,671,1,0,1,0,0,671
2023,11,6,21,7,6-36,1585,B-C,U,190,222,10,2,3,8,435,679,1,0,1,0,0,679
1551,5,6,6,5,6-80,1852,B-C,U,167,185,17,2,0,0,371,522,1,0,1,0,0,522
1747,11,6,6,6,6-75,1604,B-C,U,220,212,6,2,1,9,450,702,1,0,1,0,0,702
2040,11,6,21,7,6-31,1620,B-C,U,203,185,13,5,5,13,424,684,0,1,1,0,0,684
2139,11,6,6,7,6-19,1646,B-C,U,187,155,3,2,4,9,360,643,1,0,1,0,0,643
1639,11,6,6,6,6-59,1535,B-C,U,134,165,12,1,1,6,319,437,0,0,1,0,0,437
1824,11,6,6,6,6-78,1650,B-C,U,216,96,4,1,8,11,336,570,1,0,1,0,0,570
1822,11,6,6,6,6-77,1649,B-C,U,230,126,4,0,0,6,366,635,1,0,1,0,0,635
1838,11,6,6,6,6-16,1658,B-C,R,131,132,2,4,1,20,290,672,1,0,1,0,1,672
2494,9,7,13,8,7-82,2703,B-C,U,79,223,5,1,2,7,317,560,1,0,1,0,0,560
2868,7,7,10,10,7-8,2044,B-C,M,85,274,3,1,2,15,380,643,1,0,1,0,0,643
3172,9,7,13,10,7-89,2717,B-C,M,150,134,8,3,0,8,303,662,1,0,1,0,0,662
3031,7,7,10,10,7-41,2470,B-C,U,114,254,4,1,0,7,380,604,1,0,1,0,0,604
3080,7,7,10,10,7-48,2485,B-C,M,105,198,1,0,3,15,322,584,1,0,1,0,0,584
3176,9,7,13,10,7-90,2719,B-C,M,159,160,6,3,0,17,345,622,1,0,1,0,0,622
2869,7,7,10,10,7-8,2044,B-C,M,88,234,6,4,2,25,359,643,1,0,1,0,0,643
2889,7,7,10,10,7-14,2053,B-C,R,119,221,0,1,0,9,350,582,1,0,1,0,1,582
3115,7,7,10,10,7-54,2502,B-C,R,99,118,1,2,0,9,229,571,1,0,1,0,1,571
2964,13,7,13,10,7-28,2098,B-C,R,159,44,21,2,1,12,239,554,1,0,1,0,1,554
2484,9,7,13,8,7-78,2694,B-C,R,193,116,6,3,0,15,333,576,1,0,1,0,1,576
3072,7,7,10,10,7-46,2481,B-C,R,121,242,5,3,2,13,386,660,1,0,1,0,1,660
3116,7,7,10,10,7-54,2502,B-C,R,140,116,3,0,0,9,268,571,1,0,1,0,1,571
2486,9,7,13,8,7-78,2694,B-C,R,173,111,8,1,1,0,294,576,1,0,1,0,1,576
2504,9,7,13,8,7-99,2707,B-C,R,157,81,4,2,0,7,251,410,0,0,1,0,1,410
3185,9,7,13,10,7-93,2725,B-C,R,114,122,18,6,1,0,261,564,1,0,1,0,1,564
2870,7,7,10,10,7-9,2045,B-C,R,124,222,2,2,1,8,359,664,1,0,1,0,1,664
3090,7,7,10,10,7-49,2490,B-C,R,303,101,9,4,2,14,433,632,1,0,1,0,1,632
2514,9,7,13,8,7-96,2721,E,R,117,179,9,3,2,12,322,523,1,0,1,1,1,523
2475,9,7,13,8,7-77,2690,B-C,R,232,70,8,9,1,8,328,674,1,0,1,0,1,674
4193,8,8,14,14,8-87,2170,B-C,U,131,112,13,7,3,0,266,498,0,0,2,0,0,498
4238,8,8,14,14,8-42,2219,B-C,U,78,173,17,7,4,16,295,535,1,0,2,0,0,535
4149,8,8,14,14,8-75,2136,B-C,U,141,165,10,14,4,16,350,548,1,0,2,0,0,548
4011,8,8,14,13,8-97,2193,B-C,U,173,181,15,8,2,15,394,702,0,1,2,0,0,702
4610,8,8,17,15,8-18,2908,B-C,M,118,307,18,16,2,13,474,707,1,0,2,0,0,707
4209,8,8,14,14,8-39,2204,B-C,U,130,174,14,4,0,13,335,568,1,0,2,0,0,568
3969,8,8,14,13,8-71,2180,B-C,U,143,180,21,10,3,10,367,553,1,0,2,0,0,553
4132,8,8,14,14,8-80,2123,B-C,U,151,158,20,15,2,12,358,452,0,0,2,0,0,452
4267,8,8,17,14,8-26,2609,B-C,U,75,215,10,6,0,14,320,539,1,0,2,0,0,539
3991,8,8,14,13,8-100,2186,B-C,U,170,217,20,9,2,10,428,653,1,0,2,0,0,653
3979,8,8,14,13,8-90,2183,B-C,U,140,148,9,5,0,19,321,535,1,0,2,0,0,535
3937,8,8,14,13,8-69,2143,B-C,U,113,162,9,7,1,8,300,431,0,0,2,0,0,431
3988,8,8,14,13,8-96,2185,B-C,U,168,192,24,13,7,17,421,741,1,0,2,0,0,741
4281,8,8,17,14,8-25,2614,B-C,U,154,243,16,4,2,10,429,636,1,0,2,0,0,636
4323,8,8,17,14,8-20,2630,E,R,134,164,20,5,3,19,345,454,1,0,2,1,1,454
4090,8,8,14,13,8-58,2258,B-C,R,54,163,10,6,4,11,248,435,0,0,2,0,1,435
4322,8,8,17,14,8-20,2630,B-C,R,178,145,18,3,2,10,356,588,1,0,2,0,1,588
4321,8,8,17,14,8-20,2630,B-C,R,186,186,9,3,1,10,395,588,1,0,2,0,1,588
4251,8,8,14,14,8-50,2226,B-C,R,222,238,21,7,2,11,501,731,1,0,2,0,1,731
4648,8,8,17,15,8-6,2924,B-C,R,161,278,8,8,0,17,472,669,1,0,2,0,1,669
3293,15,9,12,11,9-66,1035,B-C,U,186,144,7,6,4,15,362,591,1,0,1,0,0,591
3239,15,9,11,11,9-35,959,B-C,U,141,171,4,7,0,10,333,574,1,0,1,0,0,574
3297,15,9,11,11,9-45,1036,B-C,U,152,159,13,9,3,16,352,601,1,0,1,0,0,601
3683,15,9,12,12,9-73,1062,B-C,U,128,189,10,0,0,23,350,571,1,0,1,0,0,571
3594,15,9,12,12,9-60,983,B-C,U,113,158,4,0,1,7,283,432,0,0,1,0,0,432
3250,15,9,11,11,9-43,973,B-C,U,208,168,13,4,1,8,402,744,1,0,1,0,0,744
3667,15,9,12,12,9-75,1058,B-C,U,212,168,7,3,1,7,398,612,1,0,1,0,0,612
3572,15,9,11,12,9-38,971,B-C,U,140,138,7,1,1,11,298,446,0,0,1,0,0,446
3281,15,9,12,11,9-62,1012,B-C,U,132,114,10,3,3,7,269,390,0,0,1,0,0,390
3438,9,9,11,11,9-4,1131,B-C,M,80,161,7,0,1,8,257,538,1,0,1,0,0,538
3544,15,9,11,12,9-40,962,B-C,U,97,187,2,0,1,4,291,381,0,0,1,0,0,381
3336,15,9,12,11,9-55,1068,B-C,U,214,179,7,5,4,14,423,704,1,0,1,0,0,704
3371,15,9,12,11,9-56,1089,B-C,U,190,115,16,1,1,6,329,563,1,0,1,0,0,563
3658,15,9,12,12,9-74,1047,B-C,U,143,136,7,1,2,10,299,456,0,0,1,0,0,456
3259,15,9,11,11,9-27,987,B-C,U,176,230,12,8,4,21,451,709,1,0,1,0,0,709
3418,15,9,12,11,9-50,1107,B-C,U,181,102,11,17,4,12,327,623,1,0,1,0,0,623
3646,15,9,12,12,9-63,1032,B-C,U,172,249,15,3,4,16,459,708,0,0,1,0,0,708
3498,15,9,11,11,9-16,1172,B-C,R,125,148,6,2,2,16,299,570,1,0,1,0,1,570
